name,city,phone,website,email
J&J Contractors I,Greendale,+14144239200,jjcontractorsllc.com,info@jjcontractorsllc.com
Absolute Restorations,Milwaukee,+14143457407,414roofrepair.com,Thefreeroofguy@gmail.com
AB Improvements,Grafton,+12624164234,abimprovementswi.com,"['items.Abimprovementswi@gmail.com', 'WisconsinAbimprovementswi@gmail.com', 'LLCAbimprovementswi@gmail.com']"
Sazama Design Build Remodel,Milwaukee,+14142581400,remodelwithsaz.com,info@remodelwithsaz.com
Excel Custom Contractors,Franklin,+14143331888,excelcontractor.com,sales@excelcontractor.com
Cream City Construction,Milwaukee,+14144300332,creamcityconstruction.com,Jimg@creamcityconstruction.com
BCI Exteriors,Menomonee Falls,+12627039700,bciexteriors.com,info@bciexteriors.com
Advantage Remodel,New Berlin,+12627357572,advantage-remodel.com,info@advantage-remodel.com
Badger Granite,Oak Creek,+14147669500,badgergranite.com,info@badgergranite.com
JJ Enterprise,West Allis,+14143492479,jjenterprises.biz,jamesjohnsoninc@yahoo.com
Design Inside,Milwaukee,+18007763609,designinside.com,info@designinside.com
Kurber Construction,Waukesha,+12624427440,kurberconstruction.com,erick@kurberconstruction.com
Norman's Home Improvements,Milwaukee,+14143759800,normanshomeimprovements.com,contact@normanshomeimprovementsllc.com
Remodeling Innovations Group,Milwaukee,+14149163330,rigwi.com,info@rigwi.com
Isabel Construction,Brookfield,+12623731931,isabelconstructionwi.com,cirilo@isabelconstructionllc.com
Supersealers Asphalt & Concrete,Delafield,+12623613435,supersealers.net,info@supersealers.net
Chuck Handyman,Milwaukee,+14143674107,chuckshandymanservice.org,Chucks87handyman@gmail.com
"Quality Fireplace, Roof, & Chimney Services",Waukesha,+12627864411,qualityfireplaceinc.com,info@qualityfireplaceinc.com
K.G. Stevens,Milwaukee,+12624321060,kgstevens.com,info@kgstevens.com
M Design Build,Mequon,+14143321900,m-designbuild.com,info@m-designbuild.com
UpKeep,Waukesha,+12624421168,upkeep-services.com,info@upkeep-services.com
Mike Ingrilli Plumbing,West Allis,+14142139617,mip4u.com,mike@mip4u.com
Reality Construction,Germantown,+12625023526,realityconstructionllc.com,mike@realityconstructionllc.com
Milwaukee Handyman,Milwaukee,+12624398620,milwaukee-handyman.com,johnz@milwaukee-handyman.com
JLD Contracting,New Berlin,+14143809369,jld-contracting.com,support@townsquareinteractive.com
Advocate Construction,Brookfield,+14143863900,advocateconstruction.com,info@advocateconstruction.com
Suburban Asphalt Co,Franklin,+14144255353,suburbanasphalt.com,"['info@suburbanasphalt.com', 'jackie@suburbanasphalt.com']"
Elektra Lights & Fans,Milwaukee,+14142571300,elektralights.com,sales@elektralights.com
J.Edward Renovations,Franklin,+12624320253,jedwardreno.com,sales@jedwardreno.com
Merit Asphalt,Muskego,+12626793388,meritasphalt.com,info@meritasphalt.com
JK Contractors,Milwaukee,+14143335991,jkcontractorsinc.com,jkcontractors14@gmail.com
Droegkamp Furnace Co.,Pewaukee,+12626912444,droegkampfurnacewi.com,droegkamp@hvacdfco.com
Wall To Wall Home Inspection Services,Milwaukee,+14143336325,walltowallhomeinspections.com,al@walltowallpro.com
Granite Plus,New Berlin,+12626417587,graniteplususa.com,info@graniteplususa.com
BBC Lighting,Milwaukee,+14149330808,shopbbclighting.com,AppointmentEMAILsales@bbclighting.com
Floor & Decor,Brookfield,+12623170116,flooranddecor.com,"['CustomerCare@flooranddecor.com', 'procare@flooranddecor.com']"
RW Shaw Construction Services,Cedarburg,+12626182404,rwshawservices.com,janet@rwshawservices.com
DreamMaker Southern Lakes,Union Grove,+12625977171,dreammaker-remodel.com,marketing@dreammakerbk.com
Carpet Mill Store,Milwaukee,+14143840630,carpetmillstoremilwaukee.com,carpetmillstore@gmail.com
Couillard Electric,Milwaukee,+12626182851,couillardelectric.net,couillardelectric@yahoo.com
Badger Fence,Milwaukee,+14144667510,badgerfence.com,main@badgerfence.com
Kaerek Homes,West Allis,+14143215300,kaerekhomes.com,info@kaerekhomes.com
AJ Development Group,Milwaukee,+14143692890,ajdevelopmentgroup.com,info@ajdevelopmentgroup.com
Urban's Plumbing,Waukesha,+12628949695,urbansplumbing.com,chris@urbansplumbing.com
Heinrichs Home Comfort,New Berlin,+14147646060,heinrichshome.com,Shop@HeinrichsHome.com
Home and Business Electric,Waukesha,+12622780330,homeandbusinesselectric.com,office@homeandbusinesselectric.com
Peter Schwabe Inc,Brookfield,+12626625551,pschwabe.com,info@pschwabe.com
Juneau Village Towers,Milwaukee,+14142727660,katzprop.com,leasing@katzprop.com
Hawthorne Remodeling,Hartland,+12622242849,hawthorne-remodeling.com,jeff@hawthorneremodeling.com
Wisconsin Foundation Specialists,Waukesha,+12623274011,wifoundations.com,jon@wifoundations.com
Motivational Construction,Kenosha,+12242815287,motivationalconstruction.com,motivationalconstructioninc@gmail.com
Brewer Contracting,Franksville,+12629770713,brewercontracting.com,office@brewercontracting.com
In Home Carpets and Flooring,Sussex,+14148817271,inhomecarpetsandflooring.net,inhomecarpets@icloud.com
Viking Plumbing,Milwaukee,+14149612548,vikingplumbing.net,info@vikingplumbing.net
All Stone,Kenosha,+12622989231,allstonetops.com,karl@allstonetops.com
OnTime Handyman,Sussex,+12625256776,ontimehandymanwi.com,Handymandylan@ontimehandymanwi.com
Wolf Cabinetry & Granite,Palatine,+18473589922,wolfcabinetsandgranites.com,wolfcabinetry@hotmail.com
ViewRenew,Milwaukee,+12622970440,viewrenew.com,service@viewrenew.com
Inspired Closets Milwaukee,Waukesha,+12624395577,inspiredclosets.com,showroom@inspiredclosetschicago.com
Giertsen Co of Wisconsin,Waukesha,+12625221918,giertsenco.com,"['kmg@giertsenco.com', 'johnm@giertsenco.com', 'rickjr@giertsenco.com']"
Hillcrest Builders ,Glenbeulah,+19205263028,hillcrestbuilders.com,solvang@HillcrestBuilders.com
Colorful Visions,Racine,+12629579169,colorfulvisionsllc.biz,colorfulvisions262@gmail.com
Odd Job Larry,Kenosha,+12622877391,oddjoblarry.com,info@oddjoblarry.com
Phoenix Rising Home Staging & Interior Design,Des Plaines,+13124508365,chicagostaging.com,staging@chicagostaging.com
MegMade,Chicago,+13126363583,megmade.com,hello@megmade.com
Bentz Electric,Cedarburg,+12623758858,bentzelectric.com,graham@bentzelectric.com
Sparks Electric,Milwaukee,+14145368500,sparkselectric.com,SparksElectric@icloud.com
Elect-Tech,Waukesha,+12624463122,elect-techinc.com,contact@elect-techinc.com
The Restoration Company,Waukegan,+18476256911,trcil.com,info@trcil.com
Nels Anderson Enterprises,Hartland,+12629661000,nelsanderson.net,nels@nelsanderson.net
Buckshot General Contracting,Brodhead,+18666425600,buckshotexteriors.com,info@buckshotexteriors.com
New Vision Granite & Services,Chicago,+17739319208,nvgraniteservices.com,newvisiongranite@ymail.com
Kettle Moraine Heating & Air Conditioning,Delafield,+12623929400,kettlemoraineheating.com,info@kmheat.com
Associated Sennott Contractors,Waukesha,+12628945168,asscsennottcontractors.com,SennottContractors@gmail.com
P & J Bathroom Specialists,Oak Creek,+14147621100,pjbath.com,info@pjbath.com
360 Degree Maintenance,Franklin,+14143996532,360maintenancewi.com,Chris@360MaintenanceWI.com
Humming Bird Soapstone,Glen Ellyn,+16307901052,hummingbirdsoapstone.com,hummingbirdsoapstone@gmail.com
EZegress Windows,Lake Geneva,+12626612838,ezegresswindows.com,Admin@ezegresswindows.com
Best Inspections,Oconomowoc,+12624438958,bestinspectionsllc.com,bestinspectionsllc@gmail.com
Everything Doors More,Racine,+12624567667,doorsandmorewi.com,sales@doorsandmorewi.com
Foremost Electric,Lake Geneva,+12624422636,foremost-electric.com,office@foremost-electric.com
Feiner Plumbing Company,Racine,+12626328994,feinerplumbing.com,info@feinerplumbing.com
Moss Design,Chicago,+17738575533,moss-design.com,hello@moss-design.com
Butterfield Rudie & Seitz,Racine,+12626345565,brs-architects.com,info@rudiefrank.com
Ethos Electric,Dousman,+12626460937,ethoselectricwi.com,Michael@ethoselectricwi.com
Wausau Homes Elkhorn,Elkhorn,+12623791616,wausauhomes.com,marketing@wausauhomes.com
Vital Home Inspections,Burlington,+12623320395,vitalhomeinspections.com,lverhagen@vitalinspectionsplus.com
BK Home Inspections,Mukwonago,+12629937755,bkinspects.com,bkpro@wi.rr.com
