name,yelp_url,city,phone,website,email
Hannacks Home Services,https://www.yelp.com/biz/hannacks-home-services-fitchburg?adjust_creative=JLLA2lyDuL0kW-S7iYIymA&utm_campaign=yelp_api_v3&utm_medium=api_v3_business_search&utm_source=JLLA2lyDuL0kW-S7iYIymA,Fitchburg,+16084009345,hannackshomeservices.com,hannackhs@gmail.com
Degnan Design-Build-Remodel,https://www.yelp.com/biz/degnan-design-build-remodel-deforest-3?adjust_creative=JLLA2lyDuL0kW-S7iYIymA&utm_campaign=yelp_api_v3&utm_medium=api_v3_business_search&utm_source=JLLA2lyDuL0kW-S7iYIymA,DeForest,+16088465963,degnandesignbuildremodel.com,Contact-Us@DegnanDesignBuildRemodel.com
Time 2 Remodel,https://www.yelp.com/biz/time-2-remodel-madison-2?adjust_creative=JLLA2lyDuL0kW-S7iYIymA&utm_campaign=yelp_api_v3&utm_medium=api_v3_business_search&utm_source=JLLA2lyDuL0kW-S7iYIymA,Madison,+16082120633,time2remodel.com,curt@time2remodel.com
Capital Custom Contractors,https://www.yelp.com/biz/capital-custom-contractors-monona-3?adjust_creative=JLLA2lyDuL0kW-S7iYIymA&utm_campaign=yelp_api_v3&utm_medium=api_v3_business_search&utm_source=JLLA2lyDuL0kW-S7iYIymA,Monona,+16084710494,capitalcustomcontractors.com,Capitalcustomcontractors@gmail.com
Birrenkott Construction and Maintenance,https://www.yelp.com/biz/birrenkott-construction-and-maintenance-madison?adjust_creative=JLLA2lyDuL0kW-S7iYIymA&utm_campaign=yelp_api_v3&utm_medium=api_v3_business_search&utm_source=JLLA2lyDuL0kW-S7iYIymA,Madison,+16084417877,birrenkott.com,russ@birrenkott.com
Warden & Sons,https://www.yelp.com/biz/warden-and-sons-madison?adjust_creative=JLLA2lyDuL0kW-S7iYIymA&utm_campaign=yelp_api_v3&utm_medium=api_v3_business_search&utm_source=JLLA2lyDuL0kW-S7iYIymA,Madison,+16082740980,wardenandsons.com,wardenandsons@gmail.com
Frank's Construction,https://www.yelp.com/biz/franks-construction-sun-prairie?adjust_creative=JLLA2lyDuL0kW-S7iYIymA&utm_campaign=yelp_api_v3&utm_medium=api_v3_business_search&utm_source=JLLA2lyDuL0kW-S7iYIymA,Sun Prairie,+16085157602,franksconstructionllc.net,contact@franksconstructionllc.net
Christensen Construction,https://www.yelp.com/biz/christensen-construction-madison?adjust_creative=JLLA2lyDuL0kW-S7iYIymA&utm_campaign=yelp_api_v3&utm_medium=api_v3_business_search&utm_source=JLLA2lyDuL0kW-S7iYIymA,Madison,+16082528406,christensenconstruction.net,matt@christensenconstruction.net
Hareplastering and Drywall,https://www.yelp.com/biz/hareplastering-and-drywall-sun-prairie?adjust_creative=JLLA2lyDuL0kW-S7iYIymA&utm_campaign=yelp_api_v3&utm_medium=api_v3_business_search&utm_source=JLLA2lyDuL0kW-S7iYIymA,Sun Prairie,+16083327408,hareplastering.com,hareplastering@gmail.com
Scott Brothers Remodeling,https://www.yelp.com/biz/scott-brothers-remodeling-marshall?adjust_creative=JLLA2lyDuL0kW-S7iYIymA&utm_campaign=yelp_api_v3&utm_medium=api_v3_business_search&utm_source=JLLA2lyDuL0kW-S7iYIymA,Marshall,+16082288024,scottbrothersremodeling.com,info@scottbrothersremodeling.com
Artisan Remodeling,https://www.yelp.com/biz/artisan-remodeling-madison?adjust_creative=JLLA2lyDuL0kW-S7iYIymA&utm_campaign=yelp_api_v3&utm_medium=api_v3_business_search&utm_source=JLLA2lyDuL0kW-S7iYIymA,Madison,+16084697276,artisanremod.com,info@artisanremod.com
"Barlow Builders, Inc.",https://www.yelp.com/biz/barlow-builders-inc-madison-2?adjust_creative=JLLA2lyDuL0kW-S7iYIymA&utm_campaign=yelp_api_v3&utm_medium=api_v3_business_search&utm_source=JLLA2lyDuL0kW-S7iYIymA,Madison,+16082443440,barlowbuildersinc.com,barlowbldrs@gmail.com
Hodson Construction,https://www.yelp.com/biz/hodson-construction-middleton?adjust_creative=JLLA2lyDuL0kW-S7iYIymA&utm_campaign=yelp_api_v3&utm_medium=api_v3_business_search&utm_source=JLLA2lyDuL0kW-S7iYIymA,Middleton,+16083451098,hodsonconstruction.com,chip@hodsonconstruction.com
Dahlia Design Remodel,https://www.yelp.com/biz/dahlia-design-remodel-madison?adjust_creative=JLLA2lyDuL0kW-S7iYIymA&utm_campaign=yelp_api_v3&utm_medium=api_v3_business_search&utm_source=JLLA2lyDuL0kW-S7iYIymA,Madison,+16084458318,dahliadesignremodel.com,info@dahliadesignremodel.com
Construction & Design Services,https://www.yelp.com/biz/construction-and-design-services-madison?adjust_creative=JLLA2lyDuL0kW-S7iYIymA&utm_campaign=yelp_api_v3&utm_medium=api_v3_business_search&utm_source=JLLA2lyDuL0kW-S7iYIymA,Madison,+16086690132,constructiondesign.biz,peter@constructiondesign.biz
Premier Builders,https://www.yelp.com/biz/premier-builders-waunakee?adjust_creative=JLLA2lyDuL0kW-S7iYIymA&utm_campaign=yelp_api_v3&utm_medium=api_v3_business_search&utm_source=JLLA2lyDuL0kW-S7iYIymA,Waunakee,+16088496770,premierbuildersinc.com,Info@PremierBuildersInc.com
Heartland Building & Design,https://www.yelp.com/biz/heartland-building-and-design-madison?adjust_creative=JLLA2lyDuL0kW-S7iYIymA&utm_campaign=yelp_api_v3&utm_medium=api_v3_business_search&utm_source=JLLA2lyDuL0kW-S7iYIymA,Madison,+16082839015,heartlandbd.com,meg@heartlandbd.com
Genesis Exterior,https://www.yelp.com/biz/genesis-exteriors-madison-2?adjust_creative=JLLA2lyDuL0kW-S7iYIymA&utm_campaign=yelp_api_v3&utm_medium=api_v3_business_search&utm_source=JLLA2lyDuL0kW-S7iYIymA,Madison,+16082049999,genesisexteriors.com,staff@genesisexteriors.net
Kitchen and Bath Solutions,https://www.yelp.com/biz/kitchen-and-bath-solutions-madison-4?adjust_creative=JLLA2lyDuL0kW-S7iYIymA&utm_campaign=yelp_api_v3&utm_medium=api_v3_business_search&utm_source=JLLA2lyDuL0kW-S7iYIymA,Madison,+16088248622,wikbsolutions.com,sales@wikbsolutions.com
Luxe Haus Design,https://www.yelp.com/biz/luxe-haus-design-waunakee?adjust_creative=JLLA2lyDuL0kW-S7iYIymA&utm_campaign=yelp_api_v3&utm_medium=api_v3_business_search&utm_source=JLLA2lyDuL0kW-S7iYIymA,Waunakee,,luxehausdesign.com,meghan@luxehausdesign.com
Clear Choice Construction,https://www.yelp.com/biz/clear-choice-construction-juneau?adjust_creative=JLLA2lyDuL0kW-S7iYIymA&utm_campaign=yelp_api_v3&utm_medium=api_v3_business_search&utm_source=JLLA2lyDuL0kW-S7iYIymA,Juneau,+19207632147,wiremodeling.com,Jmlsna@WIremodeling.com
4 Lakes Plumbing,https://www.yelp.com/biz/4-lakes-plumbing-madison-2?adjust_creative=JLLA2lyDuL0kW-S7iYIymA&utm_campaign=yelp_api_v3&utm_medium=api_v3_business_search&utm_source=JLLA2lyDuL0kW-S7iYIymA,Madison,+16082415184,fourlakesplumbing.com,steve@4lakesplumbing.com
Sampler Square The Home Centre,https://www.yelp.com/biz/sampler-square-the-home-centre-middleton?adjust_creative=JLLA2lyDuL0kW-S7iYIymA&utm_campaign=yelp_api_v3&utm_medium=api_v3_business_search&utm_source=JLLA2lyDuL0kW-S7iYIymA,Middleton,+16088316061,samplersquare.com,showroom@samplersquare.com
SK Construction,https://www.yelp.com/biz/sk-construction-lone-rock?adjust_creative=JLLA2lyDuL0kW-S7iYIymA&utm_campaign=yelp_api_v3&utm_medium=api_v3_business_search&utm_source=JLLA2lyDuL0kW-S7iYIymA,Lone Rock,+16084258082,skconstructionwi.com,skconstructionwi@yahoo.com
Eco Friendly Flooring,https://www.yelp.com/biz/eco-friendly-flooring-madison?adjust_creative=JLLA2lyDuL0kW-S7iYIymA&utm_campaign=yelp_api_v3&utm_medium=api_v3_business_search&utm_source=JLLA2lyDuL0kW-S7iYIymA,Madison,+16084413265,ecofriendlyflooring.com,ecofriendlyfloor2@gmail.com
Midwest Solar Power,https://www.yelp.com/biz/midwest-solar-power-madison?adjust_creative=JLLA2lyDuL0kW-S7iYIymA&utm_campaign=yelp_api_v3&utm_medium=api_v3_business_search&utm_source=JLLA2lyDuL0kW-S7iYIymA,Madison,+16083542063,mwsolarpower.com,adam@mwsolarpower.com
Monson Construction,https://www.yelp.com/biz/monson-construction-madison?adjust_creative=JLLA2lyDuL0kW-S7iYIymA&utm_campaign=yelp_api_v3&utm_medium=api_v3_business_search&utm_source=JLLA2lyDuL0kW-S7iYIymA,Madison,+16088331127,monsonbuilders.com,kam@monsonbuilders.com
Classic Custom Homes of Waunakee,https://www.yelp.com/biz/classic-custom-homes-of-waunakee-waunakee?adjust_creative=JLLA2lyDuL0kW-S7iYIymA&utm_campaign=yelp_api_v3&utm_medium=api_v3_business_search&utm_source=JLLA2lyDuL0kW-S7iYIymA,Waunakee,+16088504450,cchofwaunakee.com,bryan@cchofwaunakee.com
Midwest Roofing & Construction,https://www.yelp.com/biz/midwest-roofing-and-construction-dodgeville-2?adjust_creative=JLLA2lyDuL0kW-S7iYIymA&utm_campaign=yelp_api_v3&utm_medium=api_v3_business_search&utm_source=JLLA2lyDuL0kW-S7iYIymA,Dodgeville,+18005518251,midwestroofingpros.com,contact@midwestroofingpros.com
Briggs Family Home Development,https://www.yelp.com/biz/briggs-family-home-development-oregon?adjust_creative=JLLA2lyDuL0kW-S7iYIymA&utm_campaign=yelp_api_v3&utm_medium=api_v3_business_search&utm_source=JLLA2lyDuL0kW-S7iYIymA,Oregon,+18663010155,briggsfamilyhd.com,CustomerCare@briggsfamilyhd.com
Richards Construction Building & Design,https://www.yelp.com/biz/richards-construction-building-and-design-janesville?adjust_creative=JLLA2lyDuL0kW-S7iYIymA&utm_campaign=yelp_api_v3&utm_medium=api_v3_business_search&utm_source=JLLA2lyDuL0kW-S7iYIymA,Janesville,+16087529551,richardsconstruction.net,info@richardsconstruction.net
New Heights Property Maintenance & Home Repair,https://www.yelp.com/biz/new-heights-property-maintenance-and-home-repair-madison?adjust_creative=JLLA2lyDuL0kW-S7iYIymA&utm_campaign=yelp_api_v3&utm_medium=api_v3_business_search&utm_source=JLLA2lyDuL0kW-S7iYIymA,Madison,+16083954000,newheightsmadison.com,info@newheightsmadison.com
Dave's Plumbing And Repair,https://www.yelp.com/biz/daves-plumbing-and-repair-edgerton?adjust_creative=JLLA2lyDuL0kW-S7iYIymA&utm_campaign=yelp_api_v3&utm_medium=api_v3_business_search&utm_source=JLLA2lyDuL0kW-S7iYIymA,Edgerton,+16082196193,davesplumbingandrepairwi.com,plumber9867@yahoo.com
Hooper,https://www.yelp.com/biz/hooper-deforest?adjust_creative=JLLA2lyDuL0kW-S7iYIymA&utm_campaign=yelp_api_v3&utm_medium=api_v3_business_search&utm_source=JLLA2lyDuL0kW-S7iYIymA,DeForest,+16082490451,hoopercorp.com,DOT@hoopercorp.com
Bee's Knees Craftsman,https://www.yelp.com/biz/bees-knees-craftsman-lodi-2?adjust_creative=JLLA2lyDuL0kW-S7iYIymA&utm_campaign=yelp_api_v3&utm_medium=api_v3_business_search&utm_source=JLLA2lyDuL0kW-S7iYIymA,Lodi,+16085920628,beeskneesgroup.com,request@beeskneesgroup.com
Four Lakes Paving,https://www.yelp.com/biz/four-lakes-paving-madison-2?adjust_creative=JLLA2lyDuL0kW-S7iYIymA&utm_campaign=yelp_api_v3&utm_medium=api_v3_business_search&utm_source=JLLA2lyDuL0kW-S7iYIymA,Madison,+16082418825,fourlakespaving.net,chalo.herrera@fourlakespaving.net
Brookens Construction,https://www.yelp.com/biz/brookens-construction-windsor?adjust_creative=JLLA2lyDuL0kW-S7iYIymA&utm_campaign=yelp_api_v3&utm_medium=api_v3_business_search&utm_source=JLLA2lyDuL0kW-S7iYIymA,Windsor,+19207944611,brookens.com,sales@brookens.com
Isthmus Electric,https://www.yelp.com/biz/isthmus-electric-madison?adjust_creative=JLLA2lyDuL0kW-S7iYIymA&utm_campaign=yelp_api_v3&utm_medium=api_v3_business_search&utm_source=JLLA2lyDuL0kW-S7iYIymA,Madison,+16082058030,isthmuselectric.com,info@isthmuselectric.com
Stone Concepts,https://www.yelp.com/biz/stone-concepts-middleton-3?adjust_creative=JLLA2lyDuL0kW-S7iYIymA&utm_campaign=yelp_api_v3&utm_medium=api_v3_business_search&utm_source=JLLA2lyDuL0kW-S7iYIymA,Middleton,+16088201111,stoneconceptscorp.com,sales@stoneconceptscorp.com
Badger GraniteWerks,https://www.yelp.com/biz/badger-granitewerks-verona-2?adjust_creative=JLLA2lyDuL0kW-S7iYIymA&utm_campaign=yelp_api_v3&utm_medium=api_v3_business_search&utm_source=JLLA2lyDuL0kW-S7iYIymA,Verona,+16088489600,badgergranitewerksinc.com,info@bgwinc.net
Doug's Handyman Service,https://www.yelp.com/biz/dougs-handyman-service-verona-14?adjust_creative=JLLA2lyDuL0kW-S7iYIymA&utm_campaign=yelp_api_v3&utm_medium=api_v3_business_search&utm_source=JLLA2lyDuL0kW-S7iYIymA,Verona,+16088458110,dougshandymanserviceinc.com,dougshandymanserviceinc@gmail.com
Janesville Plumbling,https://www.yelp.com/biz/janesville-plumbling-janesville-2?adjust_creative=JLLA2lyDuL0kW-S7iYIymA&utm_campaign=yelp_api_v3&utm_medium=api_v3_business_search&utm_source=JLLA2lyDuL0kW-S7iYIymA,Janesville,+16087547790,janesvilleplumbing.net,info@janesvilleplumbing.net
Hennick Remodeling and Repair,https://www.yelp.com/biz/hennick-remodeling-and-repair-verona?adjust_creative=JLLA2lyDuL0kW-S7iYIymA&utm_campaign=yelp_api_v3&utm_medium=api_v3_business_search&utm_source=JLLA2lyDuL0kW-S7iYIymA,Verona,+16082164142,hennickremodeling.com,David@HennickRemodeling.com
The Granite Shop,https://www.yelp.com/biz/the-granite-shop-madison?adjust_creative=JLLA2lyDuL0kW-S7iYIymA&utm_campaign=yelp_api_v3&utm_medium=api_v3_business_search&utm_source=JLLA2lyDuL0kW-S7iYIymA,Madison,+16082241005,thegraniteshopofmadison.com,thegraniteshopofmadison@hotmail.com
Warren Heating & Air Conditioning,https://www.yelp.com/biz/warren-heating-and-air-conditioning-madison?adjust_creative=JLLA2lyDuL0kW-S7iYIymA&utm_campaign=yelp_api_v3&utm_medium=api_v3_business_search&utm_source=JLLA2lyDuL0kW-S7iYIymA,Madison,+16082562391,warrenheating.com,"['info@warrenheating.com', 'sales@warrenheating.com']"
Performance Exteriors & Contracting,https://www.yelp.com/biz/performance-exteriors-and-contracting-stoughton-2?adjust_creative=JLLA2lyDuL0kW-S7iYIymA&utm_campaign=yelp_api_v3&utm_medium=api_v3_business_search&utm_source=JLLA2lyDuL0kW-S7iYIymA,Stoughton,+16083207007,performanceext.com,info@performanceext.com
Spa Pro,https://www.yelp.com/biz/spa-pro-waunakee?adjust_creative=JLLA2lyDuL0kW-S7iYIymA&utm_campaign=yelp_api_v3&utm_medium=api_v3_business_search&utm_source=JLLA2lyDuL0kW-S7iYIymA,Waunakee,+16087127728,spaprollc.com,spaprollc@yahoo.com
Miller Custom Homes Inc Ofc,https://www.yelp.com/biz/miller-custom-homes-inc-ofc-sun-prairie?adjust_creative=JLLA2lyDuL0kW-S7iYIymA&utm_campaign=yelp_api_v3&utm_medium=api_v3_business_search&utm_source=JLLA2lyDuL0kW-S7iYIymA,Sun Prairie,+16088376076,millercustomhomes.com,mchabilene@gmail.com
Ganser Construction,https://www.yelp.com/biz/ganser-construction-prairie-du-sac-4?adjust_creative=JLLA2lyDuL0kW-S7iYIymA&utm_campaign=yelp_api_v3&utm_medium=api_v3_business_search&utm_source=JLLA2lyDuL0kW-S7iYIymA,Prairie Du Sac,+16086434667,ganserconstructioninc.com,Ganser@GanserConstructionInc.com
Connell Construction,https://www.yelp.com/biz/connell-construction-janesville-2?adjust_creative=JLLA2lyDuL0kW-S7iYIymA&utm_campaign=yelp_api_v3&utm_medium=api_v3_business_search&utm_source=JLLA2lyDuL0kW-S7iYIymA,Janesville,+16082958863,connellconstructionllc.com,connellconstruction.llc@gmail.com
Nelson Electric,https://www.yelp.com/biz/nelson-electric-cross-plains?adjust_creative=JLLA2lyDuL0kW-S7iYIymA&utm_campaign=yelp_api_v3&utm_medium=api_v3_business_search&utm_source=JLLA2lyDuL0kW-S7iYIymA,Cross Plains,+16087984847,nelsonelectricllc.net,nelson@nelsonelectricllc.net
Rampart Xtreme Building Concepts,https://www.yelp.com/biz/rampart-xtreme-building-concepts-stoughton?adjust_creative=JLLA2lyDuL0kW-S7iYIymA&utm_campaign=yelp_api_v3&utm_medium=api_v3_business_search&utm_source=JLLA2lyDuL0kW-S7iYIymA,Stoughton,+16082052670,rampartxtreme.com,Info@rampartxtreme.com
EZegress Windows,https://www.yelp.com/biz/ezegress-windows-lake-geneva-3?adjust_creative=JLLA2lyDuL0kW-S7iYIymA&utm_campaign=yelp_api_v3&utm_medium=api_v3_business_search&utm_source=JLLA2lyDuL0kW-S7iYIymA,Lake Geneva,+12626612838,ezegresswindows.com,Admin@ezegresswindows.com
Lake City Concrete Designs,https://www.yelp.com/biz/lake-city-concrete-designs-cottage-grove?adjust_creative=JLLA2lyDuL0kW-S7iYIymA&utm_campaign=yelp_api_v3&utm_medium=api_v3_business_search&utm_source=JLLA2lyDuL0kW-S7iYIymA,Cottage Grove,+16082066651,lakecityconcrete.com,lakecityconcrete@gmail.com
Top Hat,https://www.yelp.com/biz/top-hat-madison?adjust_creative=JLLA2lyDuL0kW-S7iYIymA&utm_campaign=yelp_api_v3&utm_medium=api_v3_business_search&utm_source=JLLA2lyDuL0kW-S7iYIymA,Madison,+16082047585,tophat-pro.com,help.tophat@gmail.com
Rockford Refinishing,https://www.yelp.com/biz/rockford-refinishing-rockford?adjust_creative=JLLA2lyDuL0kW-S7iYIymA&utm_campaign=yelp_api_v3&utm_medium=api_v3_business_search&utm_source=JLLA2lyDuL0kW-S7iYIymA,Rockford,+18155195679,rockfordrefinishingil.com,schultzandsonsservices@gmail.com
The Neatist,https://www.yelp.com/biz/the-neatist-durham?adjust_creative=JLLA2lyDuL0kW-S7iYIymA&utm_campaign=yelp_api_v3&utm_medium=api_v3_business_search&utm_source=JLLA2lyDuL0kW-S7iYIymA,Durham,+12026809000,theneatist.com,theneatist@gmail.com
Wisconsin Foundation Specialists,https://www.yelp.com/biz/wisconsin-foundation-specialists-waukesha?adjust_creative=JLLA2lyDuL0kW-S7iYIymA&utm_campaign=yelp_api_v3&utm_medium=api_v3_business_search&utm_source=JLLA2lyDuL0kW-S7iYIymA,Waukesha,+12623274011,wifoundations.com,jon@wifoundations.com
Legacy Custom Remodeling,https://www.yelp.com/biz/legacy-custom-remodeling-oregon-2?adjust_creative=JLLA2lyDuL0kW-S7iYIymA&utm_campaign=yelp_api_v3&utm_medium=api_v3_business_search&utm_source=JLLA2lyDuL0kW-S7iYIymA,Oregon,+16088351822,legacycr.com,Info@LegacyCR.com
JD Touch Countertops Oxford,https://www.yelp.com/biz/jd-touch-countertops-oxford-westfield-2?adjust_creative=JLLA2lyDuL0kW-S7iYIymA&utm_campaign=yelp_api_v3&utm_medium=api_v3_business_search&utm_source=JLLA2lyDuL0kW-S7iYIymA,Westfield,+16085168008,jdtouchcountertops.com,touchcountertops@gmail.com
Mad City Moving,https://www.yelp.com/biz/mad-city-moving-madison?adjust_creative=JLLA2lyDuL0kW-S7iYIymA&utm_campaign=yelp_api_v3&utm_medium=api_v3_business_search&utm_source=JLLA2lyDuL0kW-S7iYIymA,Madison,+16082749855,madcitymoving.com,info@madcitymoving.com
Giertsen Co of Wisconsin,https://www.yelp.com/biz/giertsen-co-of-wisconsin-waukesha-2?adjust_creative=JLLA2lyDuL0kW-S7iYIymA&utm_campaign=yelp_api_v3&utm_medium=api_v3_business_search&utm_source=JLLA2lyDuL0kW-S7iYIymA,Waukesha,+12625221918,giertsenco.com,"['kmg@giertsenco.com', 'johnm@giertsenco.com', 'rickjr@giertsenco.com']"
Feiner Construction,https://www.yelp.com/biz/feiner-construction-spring-green-4?adjust_creative=JLLA2lyDuL0kW-S7iYIymA&utm_campaign=yelp_api_v3&utm_medium=api_v3_business_search&utm_source=JLLA2lyDuL0kW-S7iYIymA,Spring Green,+16085883801,feinerconstruction.com,info@feinerconstruction.com
Kari's Interiors,https://www.yelp.com/biz/karis-interiors-lodi-5?adjust_creative=JLLA2lyDuL0kW-S7iYIymA&utm_campaign=yelp_api_v3&utm_medium=api_v3_business_search&utm_source=JLLA2lyDuL0kW-S7iYIymA,Lodi,+16085760988,karisinteriors.com,karisinteriors@gmail.com
Bath King,https://www.yelp.com/biz/bath-king-orfordville?adjust_creative=JLLA2lyDuL0kW-S7iYIymA&utm_campaign=yelp_api_v3&utm_medium=api_v3_business_search&utm_source=JLLA2lyDuL0kW-S7iYIymA,Orfordville,+16082952329,bathkingwi.com,Schuh_Travis@yahoo.com
Granite Plus,https://www.yelp.com/biz/granite-plus-new-berlin?adjust_creative=JLLA2lyDuL0kW-S7iYIymA&utm_campaign=yelp_api_v3&utm_medium=api_v3_business_search&utm_source=JLLA2lyDuL0kW-S7iYIymA,New Berlin,+12626417587,graniteplususa.com,info@graniteplususa.com
Cleary Building,https://www.yelp.com/biz/cleary-building-verona?adjust_creative=JLLA2lyDuL0kW-S7iYIymA&utm_campaign=yelp_api_v3&utm_medium=api_v3_business_search&utm_source=JLLA2lyDuL0kW-S7iYIymA,Verona,+16088459700,clearybuilding.com,sales@clearybuilding.com
Kettle Moraine Heating & Air Conditioning,https://www.yelp.com/biz/kettle-moraine-heating-and-air-conditioning-delafield-4?adjust_creative=JLLA2lyDuL0kW-S7iYIymA&utm_campaign=yelp_api_v3&utm_medium=api_v3_business_search&utm_source=JLLA2lyDuL0kW-S7iYIymA,Delafield,+12623929400,kettlemoraineheating.com,info@kmheat.com
Patriot Properties,https://www.yelp.com/biz/patriot-properties-waunakee-3?adjust_creative=JLLA2lyDuL0kW-S7iYIymA&utm_campaign=yelp_api_v3&utm_medium=api_v3_business_search&utm_source=JLLA2lyDuL0kW-S7iYIymA,Waunakee,+16088496500,patriotpropertieswisconsin.com,patriotpropertiesleasing@gmail.com
C Braaksma Electric,https://www.yelp.com/biz/c-braaksma-electric-waupun-12?adjust_creative=JLLA2lyDuL0kW-S7iYIymA&utm_campaign=yelp_api_v3&utm_medium=api_v3_business_search&utm_source=JLLA2lyDuL0kW-S7iYIymA,Waupun,+19203191614,cbelectric.net,cbelectric@me.com
Elect-Tech,https://www.yelp.com/biz/elect-tech-waukesha-3?adjust_creative=JLLA2lyDuL0kW-S7iYIymA&utm_campaign=yelp_api_v3&utm_medium=api_v3_business_search&utm_source=JLLA2lyDuL0kW-S7iYIymA,Waukesha,+12624463122,elect-techinc.com,contact@elect-techinc.com
Ethos Electric,https://www.yelp.com/biz/ethos-electric-dousman?adjust_creative=JLLA2lyDuL0kW-S7iYIymA&utm_campaign=yelp_api_v3&utm_medium=api_v3_business_search&utm_source=JLLA2lyDuL0kW-S7iYIymA,Dousman,+12626460937,ethoselectricwi.com,Michael@ethoselectricwi.com
Wall To Wall Home Inspection Services,https://www.yelp.com/biz/wall-to-wall-home-inspection-services-milwaukee-2?adjust_creative=JLLA2lyDuL0kW-S7iYIymA&utm_campaign=yelp_api_v3&utm_medium=api_v3_business_search&utm_source=JLLA2lyDuL0kW-S7iYIymA,Milwaukee,+14143336325,walltowallhomeinspections.com,al@walltowallpro.com
Signature Homes By Adashun Jones,https://www.yelp.com/biz/signature-homes-by-adashun-jones-fond-du-lac-3?adjust_creative=JLLA2lyDuL0kW-S7iYIymA&utm_campaign=yelp_api_v3&utm_medium=api_v3_business_search&utm_source=JLLA2lyDuL0kW-S7iYIymA,Fond Du Lac,+19209269933,signaturehomesaj.com,signaturehomes@adashunjones.com
